{
  "epe_global": 0.14889973402023315,
  "epe_polar": 0.0,
  "epe_equatorial": 0.39639416337013245,
  "valid_pixels_ratio": 1.0,
  "epe_by_latitude": {
    "-90_-60": 0.0,
    "-60_-30": 0.0802236795425415,
    "-30_0": 0.6198480725288391,
    "0_30": 0.17294026911258698,
    "30_60": 0.02038627676665783,
    "60_90": 0.0
  }
}